category,make_again,rating,summary,tag,url
Spicy Lightly Pickled Cucumbers,100%,4,"These quick pickles have just the right amount of sweet, salt, and tang going on. The brine can work with any crunchy veg, but we like them best with cucumbers. We guarantee they'll be the sleeper hit of your next party spread.",recipe,/recipes/food/views/spicy-lightly-pickled-cucumbers
Cucumbers with Ajo Blanco Sauce,100%,4,"Think of this as an all-purpose garlic sauce. Once you get the hang of making it, try swapping cashews or blanched hazelnuts for the almonds.",recipe,/recipes/food/views/cucumbers-with-ajo-blanco-sauce
Cold Beef Tenderloin with Tomatoes and Cucumbers,0%,2,"Beef tenderloin is precious enough to baby on a two-zone grill: Sear it over high heat, then transfer it to the cooler side and turn it often to hit a perfect medium-rare.",recipe,/recipes/food/views/cold-beef-tenderloin-with-tomatoes-and-cucumbers
Fried Fish Sandwiches with Cucumbers and Tartar Sauce,100%,3,"Take your cast-iron pan to the grill for this classically flavored crispy fish sandwich recipe (or, if you don’t have a grill, fire up the stove—the breeze won’t be the same, but the sandwich will still be delicious).",recipe,/recipes/food/views/fried-fish-sandwiches-with-cucumbers-and-tartar-sauce
Grain Salad with Tomatoes and Cucumbers,100%,3,We call for semi-pearled grains because they cook more quickly and have a roughened-up texture that helps them soak up the dressing. Browning them first deepens their flavor.,recipe,/recipes/food/views/farro-spelt-grain-salad-with-tomatoes-and-cucumbers
Charred Cabbage with Goat Cheese Raita and Cucumbers,0%,2,Go hard when charring the cabbage wedges—to the point you might think you did something wrong. They are dense and resilient and need a long time on the grill to soften.,recipe,/recipes/food/views/grilled-charred-cabbage-with-goat-cheese-raita-and-cucumbers
Cucumber-Seaweed Salad,0%,0,A ginger and coconut aminos dressing brings together this healthful salad of crunchy cucumbers and toothsome seaweed.,recipe,/recipes/food/views/cucumber-seaweed-salad
Pineapple Shrimp Noodle Bowls,73%,3.5,Quickly caramelized pineapple and sautéed shrimp are tossed in a sweet and sour sauce with lots of fresh basil and spooned over rice noodles for a quick dinner that beats takeout any day.,recipe,/recipes/food/views/pineapple-shrimp-noodle-bowls
Sambal Shrimp Lettuce Wraps,50%,3.5,"The shrimp cooks in minutes, so while it’s marinating,  set out a platter of lettuce cups, mint sprigs, chopped peanuts, sliced cucumbers, and the reserved sauce.",recipe,/recipes/food/views/sambal-shrimp-lettuce-wraps
Smashed Cucumber Salad with Lemon and Celery Salt,0%,0,"If you have ever peeled, seeded, and sliced cucumbers for salads, this recipe will hopefully change your mind. Smashing the cucumbers augments the vegetable's ability to absorb seasonings.",recipe,/recipes/food/views/smashed-cucumber-salad-with-lemon-and-celery-salt
Thai-Style Squid and Cucumber Salad,50%,2.5,"Tossed with crunchy cucumbers, peanuts, and fresh red chiles, this salad makes a refreshing summer dinner spooned over rice or all on its own.",recipe,/recipes/food/views/thai-style-squid-and-cucumber-salad
Spicy Grilled Chicken with Crunchy Fennel Salad,100%,4,"This chicken packs some heat, which is why we paired it with a superclean and cooling crisp fennel salad. If fennel is not your thing, any shaved crunchy veg will do. Try radishes, carrots, or cucumbers instead.",recipe,/recipes/food/views/spicy-grilled-chicken-with-crunchy-fennel-salad
Lemon Salmon with Creamy Cucumber Salad,60%,2.5,"Marinate salmon in lemon zest and fresh dill, then grill and serve with crunchy chopped cucumbers draped in a coleslaw-like dressing.",recipe,/recipes/food/views/grilled-salmon-with-meyer-lemons-and-creamy-cucumber-salad
Smashed Cucumber Salad with Hot Vinegar,0%,0,"Cucumbers are practically all water, so you gotta dress them like you mean it. This hot, sweet, and tart dressing will have them covered.",recipe,/recipes/food/views/smashed-cucumber-salad-with-hot-vinegar
Sam's Spring Fattoush Salad,100%,4,Part of what makes this salad so great is the dynamic textures; the cracker-like baked lavash croutons and the crunchy cucumbers and radishes contrast with the creamy feta and soft herbs.,recipe,/recipes/food/views/sams-spring-cucumber-radish-fattoush-salad
Everything You Don't Know About Electric Knives,,,The history isn't pretty.,article,/expert-advice/how-to-handle-electric-knife-article
Skirt Steak with Spicy Coconut Dressing,100%,4,This recipe is exceptionally weeknight-friendly (it goes from start to finish in less than an hour) and fully adaptable depending on the tastes of your family.,recipe,/recipes/food/views/skirt-steak-with-spicy-coconut-dressing
Weekly Meal Plan: March 11–15,,,"A Sunday frittata, impromptu Pu Pu, and a super-easy steak night.",article,/expert-advice/weekly-meal-plan-sunday-frittata-impromptu-pu-pu-and-a-super-easy-steak-night-article
Mango Toast with Hazelnut-Pepita Butter,0%,0,"Savory fruit toast is the new avocado toast. Other combinations we’re crushing on: lemony yogurt with cucumbers, almond butter and pears.",recipe,/recipes/food/views/mango-toast-with-hazelnut-pepita-butter
Weekly Meal Plan: April 8–12,,,"Zingy pineapple shrimp, sheet-pan tandoori chicken, and the world’s easiest enchiladas.",article,/recipes-menus/weekly-meal-plan-zingy-pineapple-shrimp-sheet-pan-tandoori-chicken-and-the-worlds-easiest-enchiladas-article
"Turn Veggies into Dinner with One of These ""Sauces""",,,They're the secret to our food editor's favorite quick and easy weeknight dinners.,article,/expert-advice/high-protein-sauces-for-vegetables-article
Weekly Meal Plan: September 3–7,,,Featuring sheet-pan chicken and so. many. cherry tomatoes.,article,/recipes-menus/weekly-meal-plan-sept-3-7-2018-article
This Chilled Cucumber-Avocado Soup Is the Easiest Summer Dinner I Know,,,It's cool yet spicy. Elegant yet easy. And perfect for warm-weather get-togethers.,article,/recipes-menus/this-chilled-cucumber-avocado-soup-is-the-easiest-summer-meal-i-know-article
"The Fastest Way to ""Hard-Boil"" a Huge Batch of Eggs Is to Steam Them",,,Stick with me here.,article,/expert-advice/the-fastest-way-to-hard-boil-a-huge-batch-of-eggs-article
Quick-Pickled Charred Vegetables,100%,4,This technique is nothing short of amazing—even if you're finicky about your pickles.,recipe,/recipes/food/views/quick-pickled-charred-grilled-vegetables
Green Beans and Cucumbers with Miso Dressing,88%,3.5,"Crushing and smashing green beans and cucumbers sounds crazy, but it creates nooks and crannies to soak up as much umami-rich miso sauce as possible. And this is a dressing you'll want a lot of.",recipe,/recipes/food/views/green-beans-and-cucumbers-with-miso-dressing
Weekly Meal Plan: January 28–February 1,,,"Savory beef-cheddar pies, mustard chicken, and a baked potato bar.",article,/recipes-menus/weekly-meal-plan-savory-beef-cheddar-pies-mustard-chicken-and-a-baked-potato-bar-article
"Watch Out Zester, We're Reaching for a New Microplane Tool",,,Meet the ginger grater.,article,/expert-advice/microplane-ginger-grater-article
Weekly Meal Plan: August 27–31,,,"Grill-ahead dinners, hummus bowls, and an old-fashioned Tex-Mex taco night.",article,/recipes-menus/weekly-meal-plan-grill-ahead-dinners-and-easy-hummus-bowls-article
Weekly Meal Plan: April 15–19,,,It's so good you'll forget it's Tax Week.,article,/recipes-menus/weekly-meal-plan-lamb-meatballs-sheet-pan-salmon-and-mind-blowing-tofu-article
Weekly Meal Plan: May 13–17,,,"Herby shrimp, gingery chicken soup, and cheesesteak calzones.",article,/recipes-menus/weekly-meal-plan-herby-shrimp-gingery-chicken-soup-and-cheesesteak-calzones-article
Store Cucumbers Like a Pro,,,Soggy spoiled cucumbers are sad: avoid them forever by learning how to store cucumbers the right way.,article,/ingredients/how-to-store-cucumbers-article
Weekly Meal Plan: March 25–29,,,"Big-batch spiced pork, crunchy chicken, and four-ingredient chickpea flatbreads.",article,/recipes-menus/weekly-meal-plan-big-batch-spiced-pork-crunchy-chicken-and-burst-tomato-sauce-article
Oven-Roasted Tofu Is the Vegetarian Main We've Been Waiting For,,,"Instead of sautéeing neat squares of tofu, try tearing it into rough, craggy pieces and roasting until browned and crispy.",article,/ingredients/oven-roasted-tofu-is-the-vegetarian-main-we-need-article
This Soy Sauce is Better Than Anything You've Had from the Grocery Store,,,It's imported from Japan—and available on Amazon.,article,/expert-advice/this-is-the-best-soy-sauce-article
Weekly Meal Plan: January 14–18,,,"Citrus shrimp, slow-cooker pork shoulder, and breakfast for dinner.",article,/recipes-menus/weekly-meal-plan-citrus-shrimp-slow-cooker-pork-shoulder-and-breakfast-for-dinner-article
Our 7 Favorite Ways to Cook Green Beans,,,"With these methods for roasting, blanching, grilling, and more, you'll never have to eat bland, overcooked green beans again.",article,/ingredients/how-to-prepare-and-cook-green-beans-article
The Case for the Cumin Seed,,,"The versatility of the cumin is practically unmatched in the spice world. But if you're buying the pre-ground stuff, you're only getting half the story.",article,/ingredients/the-case-for-the-cumin-seed-article
Weekly Meal Plan: January 7–12,,,You’ll have time to put up your feet every night this week.,article,/expert-advice/weekly-meal-plan-simply-roasted-salmon-sheet-pan-sausage-and-life-changing-polenta-article
7 Last-Minute Gifts for Food Lovers,,,"Dearest procrastinators, we've got your back!",article,/holidays-events/last-minute-food-gifts-article
The Slice-and-Spice Pork Tenderloin You Freeze Before You Prep,,,"For this month's Sunday Stash, we're putting together several meals worth of sliced-and-spiced pork that's ready to be turned into dinner at a moment's notice.",article,/expert-advice/big-patch-sliced-pork-tenderloin-freeze-before-prep-article
9 Japanese Cookware Gifts That Are All About Form and Function,,,"Beautiful cast-iron pans, earthenware pots, and more gifts for classy cooks.",article,/expert-advice/japanese-cookware-gifts-article
Tested and Approved: The Best Juicers,,,We scrubbed the pulp from seven different juicers to find the best one.,article,/expert-advice/best-juicers-breville-kuvings-article
Breakfast Snack Trays Are Your New Brunch Staple,,,It's the quickest way to feed all those hungry relatives staying at your house.,article,/expert-advice/breakfast-snack-trays-are-your-new-brunch-staple-article
Weekly Meal Plan: June 18–22,,,"Roast chicken with white beans, swordfish steaks, avocado soba noodles.",article,/recipes-menus/weekly-meal-plan-roast-chicken-with-white-beans-swordfish-steaks-avocado-soba-noodles-article
Weekly Meal Plan: July 16–20,,,A week of paleo-friendly dinners.,article,/recipes-menus/weekly-meal-plan-for-july-16-20-a-week-of-paleo-friendly-dinners-article
Weekly Meal Plan: October 29–November 2,,,We’ve got plenty of tricks—and treats—in store for you.,article,/recipes-menus/weekly-meal-plan-a-super-easy-week-with-pork-chops-noodles-and-pizza-article
Crispy Fish Fillets with Cucumber Ceviche,100%,4,"Serve panko-crusted white fish with a piquant relish of cucumbers, fennel, and chiles, kissed with both lime and cilantro.",recipe,/recipes/food/views/fish-milanese-with-cucumber-ceviche
Teach Your Kids to Make Their Own Lunch: Part Two,,,"From grocery shopping to prep work, here's how you and your kids can nail the details.",article,/expert-advice/teach-your-kids-to-make-their-own-lunch-part-two-article
Weekly Meal Plan: July 9–13,,,Make-ahead meals (and a taco night!) for summer.,article,/recipes-menus/weekly-meal-plan-make-ahead-meals-taco-night-for-summer-article
Why You Should Grill Your Vegetables Before Pickling Them,,,You've had pickles with barbecue. But what about a barbecued pickle?,article,/expert-advice/why-grill-your-vegetables-before-pickling-them-article
The Best Way to Clear Out All Those Lingering Condiments in Your Fridge,,,Stop hanging on to that last spoonful of hot chili jam from three years ago—it's time for it to go.,article,/ingredients/the-best-way-to-use-up-all-those-lingering-condiments-in-your-fridge-article
5 Ways to Make Melon Savory,,,"Watermelons, cantaloupes, and honeydews lean sweet—and that's why they play so well with salt, vinegar, and cheese.",article,/ingredients/how-to-cook-melon-savory-article
The Best Mayonnaise Money Can Buy,,,The best mayo is just one swipe away.,article,/ingredients/best-mayonnaise-grocery-store-article
Thai-Style Pineapple-Coconut Rice,100%,3,"Keep the accompaniments simple by serving with a platter of sliced baked tofu, cucumbers, tomatoes, and baby carrots.",recipe,/recipes/food/views/thai-style-pineapple-coconut-rice
How to Snack on Thanksgiving So You Don't Get Hangry,,,We're here to save you with a snacking strategy.,article,/holidays-events/this-is-your-official-thanksgiving-snacking-strategy-article
Weekly Meal Plan: September 17–21,,,A week of easy meals that take you from summer into fall.,article,/recipes-menus/weekly-meal-plan-corn-tomatoes-and-lots-of-butternut-squash-article
How to Eat Radishes: 10 Radish Recipes to Try Tonight,,,"Crunchy, spicy, and not too shabby to look at, radishes are great on their own. But these 10 recipes help you put the radishes to work in salads, tacos, and more.",article,/expert-advice/how-to-eat-radishes-article
"Family Dinner Wins: 5 Easy, Back-Pocket Meals That Save Us From Takeout",,,"The last-minute recipes born of necessity—and, occasionally, desperation—that end up becoming family favorites.",article,/expert-advice/family-dinner-wins-easy-back-pocket-meals-article
The Adult Lunch Boxes That Will Finally Motivate You to Pack a Lunch,,,And stop spending 20 bucks a day on a mediocre salad.,article,/expert-advice/the-best-adult-lunch-boxes-bowls-and-bento-sets-article
"The Best Mixing Bowls for Giant Salads, Movie Night Popcorn, and Cookie Dough",,,"We tested top-rated sets of mixing bowls—including glass, stainless steel, and plastic varieties—to find the best one for everyday kitchen tasks.",article,/expert-advice/the-best-mixing-bowls-product-review-article
The Easiest Way to Make Lunch at Your Desk,,,Don't have time to meal prep? You can make a salad right at your desk with these handy tricks.,article,/expert-advice/how-to-assemble-a-desk-side-salad-article
Weekly Meal Plan: June 4–8,,,"Chicken shawarma, herby tuna pasta, and mapo tofu.",article,/recipes-menus/weekly-meal-plan-shawarma-chicken-herby-tuna-pasta-and-mapo-tofu-article
30 Best Burger Recipes (and Tips on How to Cook Them to Perfection),,,"Secrets from grilling experts on how to make the best burger, ever.",article,/recipes-menus/best-burger-recipes-article
The Best Subscription Boxes That Make Great Food Gifts,,,"It doesn't get much better than monthly deliveries of cheese, coffee, and pasta.",article,/expert-advice/food-subscription-box-gift-ideas-article
"Nachos Are a Magical, Kid-Friendly Way to Repurpose Leftovers",,,"Last night's dinner is tonight's topping for crispy, cheesy nachos.",article,/expert-advice/nachos-are-a-magical-kid-friendly-way-to-repurpose-leftovers-article
The Best Pickles Are Homemade Pickles,,,Gather your Kirby cukes and get started.,article,/expert-advice/how-to-can-pickles-weekend-warrior-article
Weekly Meal Plan: March 19–23,,,"Lemony soup, fast tacos, and a salad that's secretly a pizza.",article,/recipes-menus/weekly-meal-plan-starring-lemony-soup-fast-tacos-and-a-salad-thats-secretly-a-pizza-article
6 Ways to Use the Dull Side of Your Chef's Knife,,,The dull side of the knife is actually pretty interesting.,article,/expert-advice/how-to-use-back-of-chefs-knife-article
Weekly Meal Plan: June 11–15,,,"Chipotle-lime steak, salmon burgers, and peanutty rice noodles.",article,/expert-advice/weekly-meal-plan-chipotle-lime-steak-salmon-burgers-and-peanut-rice-noodles-article
The Bowl That Makes Every Salad Better,,,Toss your salad like a pro.,article,/expert-advice/youre-gonna-need-a-bigger-bowl-salad-article
Big-Batch Roasted Kale Is a Dinnertime Savior,,,Even though my kids won't eat it.,article,/recipes-menus/big-batch-roasted-kale-is-a-dinnertime-savior-sunday-stash-article
Everything You Need for At-Home Canning,,,We talked to an expert so you can be someone who cans at home.,article,/expert-advice/everything-you-need-for-canning-at-home-article
Peanut Noodles with Chicken and Snap Peas,100%,3.5,"Featuring an easy make-ahead peanut sauce, these chicken noodle bowls come together in no time at all.",recipe,/recipes/food/views/rice-noodles-with-peanut-sauce-chicken-and-snap-peas
Weekly Meal Plan: May 28–June 1,,,"Barbecue pork, hot-honey chicken, and a chef's salad upgrade.",article,/holidays-events/weekly-meal-plan-bbq-pork-hot-honey-chicken-and-a-chefs-salad-upgrade-article
Thai Beef Salad,100%,4,"We eat this salad—which is a great way to stretch a piece of beef—all year long for lunch and dinner, but it's particularly good during the warmer months. The thinly sliced meat, the crunch of the cucumbers and red onions, and the heady aroma of mint and cilantro tossed with the chile-spiked salty-sweet dressing seem made for hot days and nights.",recipe,/recipes/food/views/thai-beef-salad
Smashed Cucumbers and Radishes in Yogurt Sauce,0%,0,"Wheels of cucumbers and radishes are nice and all, but smashing them into ragged pieces is way more fun.",recipe,/recipes/food/views/smashed-cucumbers-and-radishes-in-yogurt-sauce
Weekly Meal Plan: March 5–9,,,"Filipino pork, crispy fish, and a ton of easy-does-it tips.",article,/recipes-menus/weekly-meal-plan-filipino-pork-and-a-ton-of-easy-does-it-tips-article
How to Make a Cheese Plate for Yourself—and Why That's a Powerful Idea,,,"It's the easiest, most elegant solo dinner there is.",article,/expert-advice/how-to-make-a-cheese-plate-for-one-article
Green Chicken Meatballs,,,"This big batch of meatballs is inspired by kofta, the flavor-packed ground meat patties popular throughout the Middle East and North Africa. Stash them in your freezer so you always have the building blocks of a great meal. Try them simmered in tomato sauce, served over grains or greens, or packed into pita sandwiches with cucumbers, red onion, mint, and a tangy yogurt sauce. Get the recipe: http://www.epicurious.com/recipes/food/views/herby-chicken-kofta-meatballs",video,http://video.epicurious.com/watch/green-chicken-meatballs
"The Best Vegetarian Cookbooks, According to the Epicurious Staff",,,"Recipe collections that'll get you excited about vegetables, from seed to stem.",article,/expert-advice/best-vegetarian-cookbooks-article
What to Pack for Lunch When Your Kid Won't Eat Sandwiches,,,A nutritionist tells us what she puts in her kids' lunchboxes.,article,/expert-advice/what-to-pack-for-lunch-when-your-kid-wont-eat-sandwiches-article
A Breastfeeding Mama’s Snacking Survival Guide,,,"At home or on the road, a smartly stocked grab bag can make all the difference.",article,/expert-advice/a-breastfeeding-mamas-snacking-survival-guide-article
My Kid Is a Vegetarian—Now What?,,,Compromising at the dinner table might not be as difficult as you think.,article,/expert-advice/my-kid-is-a-vegetarian-article
"41 Crisp, Crunchy, and Cooling Cucumber Recipes",,,Nothing's cooler than a cucumber.,gallery,/recipes-menus/12-refreshing-ways-to-eat-cucumbers-gallery
Weekly Meal Plan: Easy Post-Thanksgiving Family Dinners,,,"Last week was full of cooking—this week, slow it down with some easy favorites.",article,/expert-advice/weekly-meal-plan-easy-post-thanksgiving-family-dinners-article
"Weekly Meal Plan: 5 Fast, Family-Friendly Dinners",,,"From a veggie-packed noodle bowl to grilled cheese tacos, these kid-approved recipes can be made in 30 minutes or less.",article,/recipes-menus/weekly-meal-plan-family-friendly-kids-dinners-article
Chicken Kofta Meatballs,88%,3.5,Make a big batch of these spicy herbed meatballs and stash them in your freezer and you’ll always have the building blocks for an easy weeknight dinner on hand.,recipe,/recipes/food/views/herby-chicken-kofta-meatballs
Teriyaki Steak Skewers with Asian-Style Greens,0%,1,"These steak kebabs are marinated in soy-ginger sauce, and served over a salad of bok choy, kale, and cucumbers.",recipe,/recipes/food/views/teriyaki-steak-skewers-with-asian-style-greens
How to Throw a Dinner Party Without Actually Cooking Anything,,,"For a quick, easy, and casual after-work dinner party, assemble ingredients from the grocery store into an elegant meal.",article,/expert-advice/no-cook-30-minute-dinner-party-menu-article
The Best Gifts for Your Adult Siblings,,,Because sibling rivalry should be all about who scored the better present.,article,/holidays-events/gift-guide-adult-siblings-article
"Yogurt with Raisins, Cucumber, and Walnuts",0%,0,"Mast, which translates to yogurt in Farsi, is a staple side dish on most Persian tables. The yogurt can be mixed with shallots, grated cooked beets, cooked spinach, or, most commonly, with Persian cucumbers, mint, and dried rose.",recipe,/recipes/food/views/yogurt-with-raisins-cucumber-and-walnuts
This Week's Meal Plan: 5 Days of Easy Grill-Friendly Dinners,,,"Spend some quality time with your grill this week making simple summer meals like grilled sausage with greens and lemon, Thai tofu and green bean salad, and grilled flatbread with smoked trout.",article,/recipes-menus/weekly-meal-plan-5-days-of-easy-grill-friendly-dinners-article
How Having a Child With Food Allergies Changed the Way I Cook Dinner,,,"After her son was diagnosed with food allergies, this food-loving parent had to learn how to bring the world to him, one meal at a time.",article,/expert-advice/how-having-a-child-with-food-allergies-changed-the-way-i-cook-dinner-article
Here's Why My Kids Eat Indian Food Almost Every Night,,,Chicago-based cookbook author Anupy Singla changed careers in order to change her family's eating habits. It worked.,article,/expert-advice/why-my-kids-eat-indian-food-almost-every-night-article
This Week's Meal Plan: Cool Dinners for Hot Nights,,,"Too hot outside to eat anything warm? Make chilled corn soup, a summery salmon salad, and cool, spicy noodles instead.",article,/recipes-menus/this-weeks-meal-plan-cool-dinners-for-hot-nights-article
The Number One Reason You Don't Feel Like Cooking,,,"No, it's not because you're lazy.",article,/expert-advice/reason-you-dont-feel-like-cooking-how-to-cook-more-often-article
5 Easy Weeknight Recipes to Get You Through the First Week of School,,,Put down that take-out menu. Sail through the school week with these family-friendly recipes that are just as fast and much more delicious.,article,/recipes-menus/your-seriously-easy-back-to-school-dinner-plan-article
The Central-Asian Herb Combo I Can't Get Enough Of,,,"It's unexpected, it's assertive, and it's remarkably delicious.",article,/ingredients/uzbek-cuisine-herb-combo-dill-and-cilantro-article
"Step Aside, Avo Toast: Avocado Pickles Are a Thing",,,And they're super easy to make.,article,/expert-advice/avocado-pickles-are-the-newest-avo-trend-article
The Secret Peanut Sauce of a Seven-Year-Old Chef,,,It's time to share the magic with your kids.,article,/recipes-menus/kid-friendly-peanut-sauce-essay-recipe-article
Favorite Dill Pickles,71%,3.5,"Often called kosher-style dill pickles, these are quick to make. Use either small whole cucumbers or cut larger ones into quarters. For an additional interesting flavor, tuck a small dried hot red pepper into each jar.",recipe,/recipes/food/views/fast-favorite-garlic-dill-pickles-230707
This is What Happens When Kids Choose the Meal Plan for the Week,,,"No, you won't be stuck eating chicken fingers and hot dogs all week. But you will probably eat a lot of noodles.",article,/expert-advice/kids-plan-our-meals-for-a-week-article
A Weekly Meal Plan That's All About Sandwiches,,,"Piling ingredients onto bread is the quickest, most satisfying way to achieve a full week of dinners.",article,/recipes-menus/a-weekly-meal-plan-thats-all-about-sandwiches-article
"This Week's Meal Plan: Salmon Salad Niçoise, Grilled Corn Quesadillas, and Hoisin-Glazed Pork Chops",,,A week's worth of easy summer dinners.,article,/recipes-menus/this-weeks-meal-plan-salmon-salad-steak-and-a-time-saving-strategy-article
5 Store-Bought Salad Dressings That Are Actually Worth Eating,,,There's no shame in a premade dressing when you're in a pinch. Just make sure you pick the right one.,article,/expert-advice/best-store-bought-salad-dressing-article
This French Summer Dinner Party Involves a Lot of Mayonnaise,,,"Make le grand aioli (aka aioli served with lots of things to dip in it) your new favorite easy, festive, tres chic way to entertain this summer.",article,/expert-advice/how-to-make-a-french-grand-aioli-for-summer-article
This Week's Meal Plan: 5 Springy Vegetarian Dinners,,,"Embrace the greens of spring with a week's worth of green beans, asparagus, broccoli, English peas, and spring greens.",article,/recipes-menus/weekly-meal-plan-vegetarian-spring-dinners-article
Make a Savory Pancake Dinner Any Kid Will Eat,,,A whole new take on pancakes for dinner.,article,/expert-advice/how-to-make-savory-pancakes-any-kid-will-eat-article
Kale and Cucumber Salad with Ginger Dressing,73%,3,"A Vietnamese-inspired ginger dressing and plenty of cooling, crunchy cucumbers takes kale salad from ""not now"" to ""hey, wow!""",recipe,/recipes/food/views/kale-and-cucumber-salad-with-roasted-ginger-dressing
29 Recipes We Want to Cook in July,,,"Corn, watermelon, and tomatoes—oh my.",article,/expert-advice/29-recipes-we-want-to-cook-in-july-article
18 High-Protein Nut-Free Snacks for Kids,,,"Skippy's not an option? Here are some of our favorite easy, protein-packed snacks made without peanuts or tree nuts.",article,/recipes-menus/high-protein-nut-free-snacks-for-kids-article
9 Groceries to Buy Every Week if You Have Kids,,,"Besides that lifetime supply of instant mac and cheese, of course.",article,/expert-advice/groceries-to-buy-for-kids-every-week-if-youre-a-parent-article
How to Turn Slow Cooker Chicken Into 12 Easy Dinners,,,"With this dish in your freezer, tacos, grain bowls, pasta bakes, and more are all less than 10 minutes away.",article,/expert-advice/how-to-make-slow-cooker-shredded-chicken-into-12-easy-dinners-article
This Pork Tenderloin Dinner Is 99% Guaranteed to Make Everyone in the Family Happy,,,It can go from simple to spicy in a matter of minutes.,article,/recipes-menus/kid-friendly-easy-pork-tenderloin-recipe-for-the-whole-family-article
5 Genius Ways to Upgrade Your Favorite Foods,,,Unexpected updates will make you love these tried-and-true food pairings even more,article,/sponsored/5-genius-ways-to-upgrade-your-favorite-foods-article
"Chilled Beet Soup with Buttermilk, Cucumbers, and Dill (Chlodnik)",87%,3.5,This classic Polish soup is the ultimate in summer refreshment.,recipe,/recipes/food/views/chilled-beet-soup-with-buttermilk-cucumbers-and-dill-chlodnik
3 Winter Panzanella Recipes,,,Turns out bread salads are delicious all year 'round.,article,/recipes-menus/winter-panzanella-bread-salad-recipes-article
10 Real-Life Commandments for Cooking for Kids,,,"It's hard to put a healthy, delicious meal that everybody likes on the table. How do we do it? By always, always (uh, sometimes) following these guiding principles.",article,/expert-advice/cooking-for-kids-rules-for-parents-article
The Two-Second Trick for Avoiding Bitter Cucumbers,,,This will change your salads forever.,article,/expert-advice/trick-for-avoiding-bitter-cucumbers-article
The Kid-Friendly Recipe That Makes Weekday Meals a Breeze,,,Freeze a batch of these meaty little patties over the weekend and the whole family can eat them for lunches and dinners all week long.,article,/expert-advice/sunday-stash-easy-make-ahead-beef-and-mushroom-patties-freezer-meals-cooking-for-kids-article
This Polish Take on Pizza Is Everything,,,"Zapiekanka is unlike any pizza in America—or Italy, for that matter. It's also irresistible.",article,/expert-advice/how-to-make-zapiekanka-polish-french-bread-pizza-article
The Art of Making Delicious Salsa,,,Recipes and tips from the authors of Mexican Food Made Easy,article,/holidays-events/the-art-of-making-delicious-salsa-article
6 Healthy Pre-Thanksgiving Meals,,,"You’ve got a big meal ahead of you, so keep it light and lean in the weekend before.",article,/recipes-menus/healthy-thanksgiving-weekend-recipes-article
"This Hot-Pink, Ultra-Refreshing Beet Soup Is Your New Summer Staple",,,Crunchy cucumbers. Tangy buttermilk. And plenty of pickle juice. This Polish soup deserves to be on your table this summer.,article,/expert-advice/how-to-make-chlodnik-polish-cold-beet-soup-recipe-article
Seven Holiday Gifts to Get From Whole Foods,,,From olive oil to orange bitters: gifts you can grab on your next grocery run.,article,/expert-advice/how-to-buy-holiday-gifts-at-whole-foods-article
How Pantry Cooking Helped Me Get Through #Cook90,,,"Cooking three meals a day? The only way to do it is with a well-stocked pantry of fresh, versatile ingredients.",article,/expert-advice/easy-meal-prep-pantry-recipes-cook90-article
"Flatbread with Fava Beans, Cucumbers, and Burrata",100%,4,Fava beans most likely require a trip to a farmers’ market and take a while to peel. Sugar snap peas cut into bite-size pieces are a fine alternative.,recipe,/recipes/food/views/flatbread-with-fava-beans-cucumbers-and-burrata
4 Clean and Green Dinners for Cold Weather,,,"Our newest leafy-green recipes will have you ooing and awing at their vibrant, verdant beauty.",article,/recipes-menus/green-healthy-dinners-recipes-article
4 Crunchy Salads for Fall,,,"Get out the mandoline, it's time for salad.",article,/recipes-menus/crunchy-salads-recipes-for-fall-article
Watch How Easy It Is to Make This Moroccan-Inspired Steak Salad,,,The secret's in the sauce.,article,/recipes-menus/watch-how-easy-it-is-to-make-moroccan-inspired-steak-salad-with-chermoula-article
The Absolute Easiest Way to Make Homemade Pickles,,,Seriously: it doesn't get simpler than this.,article,/expert-advice/how-to-make-pickles-at-home-the-easy-way-article
Moroccan Skirt Steak Salad With Chermoula,75%,3,"A fragrant, herbaceous sauce acts as both a marinade and a dressing for this pretty, Moroccan-inspired salad.",recipe,/recipes/food/views/moroccan-skirt-steak-salad-with-chermoula
The Cool Way to Make Chilled Soup Even Colder,,,Here's a chilling (and instant) solution to ultimate refreshment.,article,/expert-advice/how-to-make-cold-soup-colder-with-ice-in-summer-article
Weird and Wild Watermelon Pairings,,,Feta and tomatoes are only the beginning.,article,/ingredients/sweet-and-savory-watermelon-recipes-for-summer-article
Easy After-School Snacks,,,These 3-ingredient snacks will keep bellies full until dinnertime.,article,/expert-advice/three-ingredient-after-school-snacks-article
3 Rules for Muddling Cocktails,,,Score muddled drink gold by abiding by these three muddling rules.,article,/expert-advice/muddling-tips-caipirinha-cocktail-article
How to Use Your Refrigerator's Crisper Drawer,,,"To keep your produce fresher, longer, you need to get your flow right.",article,/expert-advice/how-to-use-your-refrigerators-crisper-drawer-article
Introducing the Pickled Fried Green Tomato,,,"When they join forces, two classic Southern sides—fried pickles and fried green tomatoes—are unstoppable.",article,/expert-advice/how-to-make-pickled-fried-green-tomatoes-article
6 Easy Recipes for a Relaxed Summer Weekend,,,"Keep things laid-back with simple, satisfaction-guaranteed dishes.",article,/recipes-menus/simple-summer-weekend-menu-pancakes-steak-pasta-recipes-article
5 Summer Salads That Get Better Overnight,,,Not every salad needs to be eaten the day it's made.,article,/recipes-menus/5-summer-salads-that-can-be-made-ahead-of-time-recipes-article
Your New Go-To Cucumber Dish,,,You know that cold cucumber dish you've marveled at in Chinese restaurants? It's shockingly easy to make at home.,article,/recipes-menus/the-easiest-most-impressive-way-to-use-cucumbers-article
Cucumber and Raisin Relish With Mustard Seeds,100%,4,"Golden raisins add a bright sweetness to this fresh take on sweet-and-sour pickles. Serve it with our Cider-Brined, Maple-Glazed Pork Loin, spread it onto sandwiches, or use it to top hot dogs.",recipe,/recipes/food/views/cucumber-and-raisin-relish-with-mustard-seeds
Transform Your Vegetable Garden With This One Simple Quack,,,An ode to the backyard duck.,article,/expert-advice/how-to-raise-ducks-for-a-vegetable-garden-article
41 Three-Ingredient Summer Appetizers,,,Summer snacking doesn't need to be an elaborate affair—try these ideas for easy appetizers with three ingredients or fewer.,article,/expert-advice/3-ingredient-summer-appetizer-recipes-article
Fresh Dill Cucumbers with Lemon,0%,0,Fresh Dill Cucumbers with Lemon,recipe,/recipes/food/views/fresh-dill-cucumbers-with-lemon
How to Preserve Summer's Bounty—No Canning Required,,,You don't need to do the whole hot-water bath thing if you want to preserve fruits and vegetables. Here are 3 alternative methods.,article,/expert-advice/how-to-preserve-summer-vegetables-fruits-without-canning-article
What to Cook This Weekend: Pssst....It's Mother's Day,,,"Feel free to get lost in hazy spring days with these easy, delicious dishes. But when Sunday rolls around, don't forget about your mama.",article,/holidays-events/mothers-day-weekend-brunch-dinner-meal-plan-menu-article
What Makes This Steak Salad So Addictive? The Secret's In the Sauce.,,,It's a marinade. It's a dressing. Is there anything this vibrant green sauce can't do?,article,/recipes-menus/moroccan-chermoula-grilled-steak-salad-sauce-marinade-article
How to Build a Meal Around a Ball of Mozzarella,,,"The fresh, creamy cheese can be turned into so many satisfying, uncomplicated summer meals.",article,/expert-advice/how-to-build-a-meal-around-a-ball-of-fresh-mozzarella-article
The Simple Tool That Makes Food Look Amazing,,,It can shave. It can ribbon. It can curl. It can zest. It can get you at least a hundred new Instagram followers.,article,/expert-advice/how-to-make-shaved-avocado-mango-chocolate-article
The Early-Spring Recipes You Need This Weekend,,,Put away your soup pots and slow cookers and kick off the new season this weekend.,article,/recipes-menus/what-to-cook-this-weekend-march-early-spring-vegetables-article
The Best (and Worst) Produce to Buy Organic,,,Why it might not pay to buy organic mangoes—and why those cheap strawberries might be a bad idea.,article,/expert-advice/the-best-and-worst-produce-to-buy-organic-article
How to Navigate the Pickle Aisle,,,Everything you need to know when buying pickles.,article,/ingredients/ultimate-guide-to-buying-pickles-article
The Best Grocery Store in America Is Net Cost,,,"It's not grim Communist bread lines. It's not Putin-era luxury. It's a wonderland of salt, smoke, and fat.",article,/expert-advice/netcost-best-grocery-store-in-america-article
"Why I Won’t Be Shamed for Cooking “Mom Recipes""",,,Getting dinner on the table night after night is no easy feat. So let's not shame parents who sometimes need to take a shortcut or two.,article,/expert-advice/on-mom-cooking-and-why-we-should-not-knock-it-article
Crispy Pork Lettuce Wraps,100%,4,"Sweet and spicy pork belly lettuce wraps—served with a refreshing cucumber salad—are a cool, crunchy dinner for sweltering August nights.",recipe,/recipes/food/views/crispy-pork-lettuce-wraps-with-spicy-cucumbers-56390119
The Ultimate No-Wilt Lunch Salad,,,Skip the sad spring mix and follow these tips instead.,article,/expert-advice/how-to-pack-a-no-wilt-salad-article
How to Become a Pro Bowler,,,Bowl food doesn't get beautiful (and nutritious) (and filling) automatically—it takes a plan. And there's nobody better to get that plan from than the guy who literally wrote the book on the subject.,article,/expert-advice/how-to-make-grain-noodle-bowls-lukas-volger-article
16 Ways to Cook With Chile Oil,,,"Whether homemade or store-bought, chile oil will add a welcome hit of heat and flavor to almost anything you cook.",article,/ingredients/16-ways-to-cook-with-chile-oil-article
Miso-Cured Black Cod with Chilled Cucumbers,0%,1,Pro tip: Viva brand paper towels are used at Rintaro specifically for insulating the cod from its salty cure and will absorb moisture without falling apart.,recipe,/recipes/food/views/miso-cured-black-cod-with-chilled-cucumbers-56389995
Make a Springtime Sandwich Lunch Buffet for Easter,,,"Easter doesn't have to mean salty ham or long-cooking lamb. Freshen things up with this fun, fresh sandwich spread that's perfect for a holiday crowd.",article,/recipes-menus/easter-easy-holiday-sandwich-lunch-buffet-article
How to Throw a Hot Pot Party With a Slow Cooker,,,"It's the all-you-can-eat fondue party that, thankfully, isn't a fondue party at all.",article,/expert-advice/how-to-throw-hot-pot-party-at-home-article
How to Eat Less Meat (Without Going Cold Turkey),,,Consider shifting meat from the center of your plate to the side.,article,/expert-advice/how-to-move-meat-to-the-side-of-the-plate-article
Cold Asian Noodle Salad,60%,3,"This sweet and spicy pasta salad features chicken—use leftovers or grab a rotisserie chicken at the store. Make it for dinner tonight, or pack it up for lunches—it’ll be just as good tomorrow.",recipe,/recipes/food/views/cold-asian-noodle-salad-with-chicken-and-cucumbers-56389799
We May Have Become Slightly Obsessed With Bowl Food This Year,,,Plates are so 2014.,article,/expert-advice/the-year-of-bowl-food-2015-article
Cucumbers with Scallions and Chili Oil,0%,0,Why waste time with a knife? A simple whack to a cucumber yields jagged surfaces eager to soak up this tangy dressing.,recipe,/recipes/food/views/cucumbers-with-scallions-and-chili-oil-56389645
Strawberry-Cucumber Salad with Lemon Cream,100%,4,Strawberries and cream...and cardamom. The cooling spice and cucumbers give berries an element of intrigue.,recipe,/recipes/food/views/strawberry-cucumber-salad-with-lemon-cream-56389861
Eat Hummus for Dinner,,,Turn your favorite dip into a satisfying meal with these 5 topping ideas.,article,/expert-advice/its-okay-to-eat-hummus-for-dinner-article
The Keys to Making Great Bánh Mì at Home,,,Not making this classic Vietnamese sandwich at home? Don't worry—Sandwich Theory will show you the way.,article,/expert-advice/how-to-make-banh-mi-sandwich-at-home-article
Ginger-Dill Pickles,0%,0,"These herbaceous pickles combine spicy ginger with bright dill. Although cucumbers are classic, cherry tomatoes or green beans would also work well in this brine.",recipe,/recipes/food/views/ginger-dill-pickles-56389773
Sweet and Sour Pickles,100%,2,"These spiced-packed pickles are the perfect combination of tart and sweet, great for pre-dinner snacking or to top a sandwich. Yellow squash is delicious, but the brine also works well with cucumbers, zucchini, onions, or mushrooms.",recipe,/recipes/food/views/sweet-and-sour-pickles-56389775
11 Things You Should Never Put in Your Freezer,,,The freezer is a lifesaver—except when it kills the groceries you put into it.,article,/expert-advice/11-things-you-should-never-put-in-your-freezer-article
How to Put Away Summer Fruits and Vegetables for the Winter,,,Keep a little piece of summer for the rest of the year.,article,/expert-advice/how-to-freeze-summer-fruits-and-vegetables-article
This Weekend: Deep Dive Into Tomato Season,,,Now is the time to eat your weight in tomatoes.,article,/recipes-menus/what-to-cook-this-weekend-all-the-tomatoes-article
Everything You Need to Make Sensational Salads,,,"Recipes, techniques, dressings, and the surprise ingredient you're probably leaving out.",guide,/recipes-menus/salad-recipes-advice-tips-techniques-dressings-package
Charred Romaine Greek Salad With Quinoa-Crusted Feta,100%,4,"I live in New York, where Greek salads are a reliable diner staple. I love the combination of briny Kalamata olives and salty feta cheese mixed with crisp romaine lettuce and refreshing cucumbers. This somewhat deconstructed, twenty-first century version applies the ""warm goat cheese salad"" method to a Greek salad, coating fresh feta slices in egg wash and quinoa and then pan-frying. The result is incredibly delicious—and as good as it looks in the picture!",recipe,/recipes/food/views/charred-romaine-greek-salad-with-quinoa-crusted-feta-56389585
"4 Cool, Refreshing Soups for Summer",,,Because there's no better time to eat soup than the summer. Honest!,article,/expert-advice/refreshing-cold-soups-for-summer-article
How to Pickle Everything,,,The easiest way to preserve summer's flavors? Quick pickle them.,article,/expert-advice/how-to-pickle-basically-everything-article
Why You Should Drink Like a Brit This Summer,,,Summer’s most thirst-quenching cocktails all have one thing in common.,article,/expert-advice/low-alcohol-summer-cocktails-inspired-by-pimms-cup-article
